Source;Target;Type;Weight
36360816693;5160;Directed;-87
36360816693;59;Directed;-84
36360816693;58;Directed;-86
36360816693;5168;Directed;-89
36360816693;57;Directed;-80
36360816693;56;Directed;0
36360816693;50;Directed;-68
36360816693;524;Directed;-82
36360816693;518;Directed;-88
36360816693;520;Directed;-80
36360816693;522;Directed;-85
36360816693;523;Directed;-86
36360816693;513;Directed;-76
36360816693;512;Directed;-79
132;151;Directed;None
132;139;Directed;None
132;136;Directed;None
132;1214;Directed;None
132;1117;Directed;None
130;133;Directed;None
130;178;Directed;None
130;179;Directed;None
130;1214;Directed;None
130;1134;Directed;None
136;1211;Directed;None
136;198;Directed;-67
136;1214;Directed;-65
136;1133;Directed;-79
136;192;Directed;-66
136;182;Directed;-77
136;132;Directed;None
136;180;Directed;-72
136;181;Directed;-79
136;1221;Directed;None
136;1117;Directed;-77
136;1108;Directed;None
90;9;Directed;-80
90;93;Directed;0
90;92;Directed;None
90;95;Directed;-78
90;104459421554;Directed;-85
139;151;Directed;-87
139;1214;Directed;-88
139;140;Directed;None
139;1133;Directed;-84
139;182;Directed;-86
139;132;Directed;None
139;180;Directed;-82
139;136;Directed;-82
139;1221;Directed;None
92;90;Directed;None
95;90;Directed;-76
95;93;Directed;-68
95;104459421554;Directed;-83
3;3201;Directed;None
3;3200;Directed;None
3;3;Directed;-58
3;3195;Directed;-69
3;3190;Directed;-73
3;3199;Directed;-89
3;3198;Directed;0
818;832;Directed;-83
818;830;Directed;-87
818;86;Directed;-87
818;819;Directed;-72
818;88;Directed;-88
818;825;Directed;-73
818;827;Directed;None
818;225877267718;Directed;-81
818;817;Directed;-58
819;818;Directed;-73
819;225877267718;Directed;-49
819;817;Directed;-61
104459421554;2206;Directed;-79
104459421554;2207;Directed;None
104459421554;2209;Directed;-64
104459421554;9;Directed;-65
104459421554;2197;Directed;-79
104459421554;2165;Directed;-81
104459421554;2199;Directed;-79
104459421554;95;Directed;-78
104459421554;90;Directed;-78
810;813;Directed;None
810;814;Directed;None
811;812;Directed;None
811;89;Directed;None
812;811;Directed;None
812;89;Directed;None
813;832;Directed;None
813;89;Directed;None
813;810;Directed;None
813;827;Directed;None
813;814;Directed;None
813;87;Directed;None
813;823;Directed;None
814;810;Directed;None
814;813;Directed;None
815;830;Directed;-84
815;834;Directed;None
815;88;Directed;-79
815;825;Directed;-83
815;81;Directed;-88
815;86;Directed;-87
815;823;Directed;None
815;822;Directed;None
817;818;Directed;-55
817;819;Directed;-58
817;225877267718;Directed;-53
719;77;Directed;-68
719;716;Directed;-87
719;713;Directed;-73
717;76;Directed;-72
716;77;Directed;-63
716;79831339542;Directed;-80
716;713;Directed;-76
716;719;Directed;-86
716;720;Directed;-79
715;73;Directed;-63
715;714;Directed;None
715;722;Directed;-84
715;71;Directed;-56
715;721;Directed;-57
714;715;Directed;None
714;70;Directed;None
713;719;Directed;-68
713;716;Directed;-72
713;77;Directed;-61
713;724;Directed;-75
713;725;Directed;-67
713;79831339542;Directed;-81
712;76;Directed;-61
712;78;Directed;-50
712;723;Directed;-47
712;711;Directed;-54
712;72;Directed;-78
711;712;Directed;-66
711;76;Directed;-52
711;72;Directed;-81
711;70;Directed;None
711;78;Directed;-37
711;79;Directed;None
711;723;Directed;-53
79831339542;716;Directed;-85
79831339542;713;Directed;-85
59;58;Directed;-81
59;55;Directed;-86
59;50;Directed;-76
59;519;Directed;-85
59;5168;Directed;-78
59;527;Directed;None
59;520;Directed;-83
59;522;Directed;-86
59;513;Directed;-86
59;515;Directed;None
59;516;Directed;-86
58;5160;Directed;-67
58;59;Directed;-81
58;5168;Directed;-82
58;50;Directed;-67
58;525;Directed;-85
58;527;Directed;None
58;520;Directed;-69
58;522;Directed;-86
58;523;Directed;-74
58;5164;Directed;-60
58;513;Directed;-84
58;512;Directed;-74
58;528;Directed;None
58;514;Directed;-80
55;59;Directed;-98
55;50;Directed;-102
55;519;Directed;-100
55;520;Directed;-76
55;515;Directed;None
55;516;Directed;-85
54;5160;Directed;-74
54;519;Directed;-79
54;59;Directed;-82
54;58;Directed;-72
54;5168;Directed;-87
54;57;Directed;-87
54;510;Directed;-85
54;50;Directed;-65
54;514;Directed;-64
54;524;Directed;-80
54;525;Directed;-80
54;520;Directed;-65
54;522;Directed;-80
54;523;Directed;-52
54;5;Directed;-87
54;513;Directed;-71
54;512;Directed;-66
54;5164;Directed;-84
54;36360816693;Directed;-85
57;519;Directed;-77
57;59;Directed;-86
57;5168;Directed;-68
57;36360816693;Directed;-82
57;56;Directed;-79
57;50;Directed;-44
57;524;Directed;-76
57;518;Directed;-63
57;526;Directed;-76
57;527;Directed;None
57;5;Directed;-89
57;520;Directed;-71
57;513;Directed;-70
57;528;Directed;None
56;57;Directed;-86
56;50;Directed;-73
56;524;Directed;-54
56;527;Directed;None
56;513;Directed;-88
56;528;Directed;None
242288697347;104277312536;Directed;-63
242288697347;228506738965;Directed;-63
50;36360816693;Directed;-66
50;524;Directed;-70
50;525;Directed;-74
50;526;Directed;-81
50;527;Directed;None
50;520;Directed;-70
50;522;Directed;-76
50;523;Directed;-80
50;5;Directed;-75
50;528;Directed;None
50;5160;Directed;-73
50;5168;Directed;-78
50;59;Directed;-68
50;58;Directed;-57
50;55;Directed;-81
50;57;Directed;-50
50;56;Directed;-65
50;519;Directed;-74
50;518;Directed;-78
50;510;Directed;-74
50;513;Directed;-55
50;512;Directed;-71
50;515;Directed;None
50;514;Directed;-80
53;524;Directed;-86
53;518;Directed;-79
53;527;Directed;None
53;523;Directed;-89
829;834;Directed;None
829;835;Directed;None
829;80;Directed;None
829;826;Directed;None
829;821;Directed;None
829;823;Directed;None
828;831;Directed;None
828;834;Directed;None
828;825;Directed;None
828;824;Directed;None
828;827;Directed;None
828;826;Directed;None
828;820;Directed;None
828;84;Directed;None
828;822;Directed;None
825;833;Directed;None
825;830;Directed;-86
825;831;Directed;None
825;827;Directed;None
825;835;Directed;None
825;820;Directed;None
825;818;Directed;-75
825;828;Directed;None
825;80;Directed;None
825;826;Directed;-69
825;225877267718;Directed;-72
825;815;Directed;-84
824;831;Directed;None
824;834;Directed;None
824;828;Directed;None
824;826;Directed;None
824;821;Directed;None
824;823;Directed;None
827;818;Directed;None
827;89;Directed;None
827;828;Directed;None
827;825;Directed;None
827;83;Directed;None
827;813;Directed;None
827;820;Directed;None
827;84;Directed;None
826;833;Directed;None
826;831;Directed;None
826;834;Directed;None
826;835;Directed;None
826;828;Directed;None
826;825;Directed;-71
826;824;Directed;None
826;80;Directed;None
826;821;Directed;None
826;820;Directed;None
826;823;Directed;None
821;833;Directed;None
821;831;Directed;None
821;834;Directed;None
821;835;Directed;None
821;829;Directed;None
821;824;Directed;None
821;80;Directed;None
821;826;Directed;None
821;823;Directed;None
821;822;Directed;None
820;834;Directed;None
820;828;Directed;None
820;825;Directed;None
820;827;Directed;None
820;826;Directed;None
820;823;Directed;None
823;833;Directed;None
823;830;Directed;None
823;831;Directed;None
823;834;Directed;None
823;835;Directed;None
823;815;Directed;None
823;813;Directed;None
823;824;Directed;None
823;80;Directed;None
823;826;Directed;None
823;821;Directed;None
823;820;Directed;None
822;831;Directed;None
822;828;Directed;None
822;80;Directed;None
822;826;Directed;None
822;821;Directed;None
822;815;Directed;None
822;823;Directed;None
1129;1210;Directed;-75
1129;145;Directed;-72
1129;1216;Directed;-66
1129;1130;Directed;None
1129;144;Directed;None
1129;182;Directed;None
1129;183;Directed;None
1129;1105;Directed;-68
1129;187;Directed;-80
1129;152;Directed;-67
1129;171;Directed;-67
1129;1109;Directed;None
198;1214;Directed;-85
198;192;Directed;-69
198;182;Directed;-87
198;132;Directed;None
198;136;Directed;-59
198;1117;Directed;-89
1122;1121;Directed;None
1122;158;Directed;None
1122;1123;Directed;-86
1122;1125;Directed;-80
1122;1127;Directed;None
1123;1132;Directed;None
1123;1122;Directed;-84
1123;1127;Directed;None
1125;1121;Directed;None
1125;1122;Directed;-82
192;150;Directed;-78
192;139;Directed;-85
192;136;Directed;-59
192;1214;Directed;-85
192;198;Directed;-72
88;832;Directed;-78
88;87;Directed;None
88;818;Directed;-89
88;82;Directed;-88
88;83;Directed;None
88;81;Directed;-89
88;86;Directed;-72
88;815;Directed;-80
88;84;Directed;None
88;85;Directed;None
89;811;Directed;None
89;812;Directed;None
89;813;Directed;None
89;827;Directed;None
176;183;Directed;-71
176;172;Directed;-87
176;1108;Directed;-68
82;88;Directed;-91
82;81;Directed;-82
82;86;Directed;-87
83;832;Directed;None
83;88;Directed;None
83;827;Directed;None
83;86;Directed;None
83;87;Directed;None
83;85;Directed;None
399;3197;Directed;None
399;3195;Directed;None
399;3187;Directed;None
399;3192;Directed;None
81;82;Directed;-79
81;86;Directed;-82
81;225877267718;Directed;-85
81;815;Directed;-89
86;87;Directed;None
86;818;Directed;-85
86;88;Directed;-73
86;82;Directed;-88
86;83;Directed;None
86;81;Directed;-81
86;225877267718;Directed;-81
86;815;Directed;-90
86;84;Directed;None
86;85;Directed;None
87;83;Directed;None
87;88;Directed;None
87;813;Directed;None
87;86;Directed;None
87;85;Directed;None
84;88;Directed;None
84;85;Directed;None
84;86;Directed;None
84;827;Directed;None
84;828;Directed;None
85;832;Directed;None
85;88;Directed;None
85;83;Directed;None
85;86;Directed;None
85;87;Directed;None
85;84;Directed;None
832;818;Directed;-82
832;88;Directed;-78
832;825;Directed;-88
832;83;Directed;None
832;813;Directed;None
832;225877267718;Directed;-83
832;85;Directed;None
833;831;Directed;None
833;834;Directed;None
833;828;Directed;None
833;825;Directed;None
833;824;Directed;None
833;80;Directed;None
833;826;Directed;None
833;821;Directed;None
833;823;Directed;None
830;834;Directed;None
830;818;Directed;-88
830;825;Directed;-86
830;826;Directed;-88
830;815;Directed;-85
830;823;Directed;None
831;833;Directed;None
831;834;Directed;None
831;828;Directed;None
831;825;Directed;None
831;824;Directed;None
831;826;Directed;None
831;821;Directed;None
831;823;Directed;None
831;822;Directed;None
834;833;Directed;None
834;830;Directed;None
834;831;Directed;None
834;835;Directed;None
834;815;Directed;None
834;829;Directed;None
834;828;Directed;None
834;824;Directed;None
834;80;Directed;None
834;826;Directed;None
834;821;Directed;None
834;820;Directed;None
834;823;Directed;None
835;834;Directed;None
835;829;Directed;None
835;825;Directed;None
835;80;Directed;None
835;826;Directed;None
835;821;Directed;None
835;823;Directed;None
724;713;Directed;-80
524;57;Directed;None
524;56;Directed;-54
524;50;Directed;-81
524;53;Directed;None
524;518;Directed;None
524;527;Directed;None
524;513;Directed;-81
524;528;Directed;None
524;36360816693;Directed;0
525;58;Directed;-98
525;515;Directed;None
525;50;Directed;-94
525;519;Directed;-87
525;527;Directed;None
525;520;Directed;-86
525;523;Directed;-99
525;528;Directed;None
526;524;Directed;-89
526;513;Directed;-70
526;57;Directed;-77
526;50;Directed;-83
527;5160;Directed;None
527;59;Directed;None
527;58;Directed;None
527;57;Directed;None
527;56;Directed;None
527;50;Directed;None
527;524;Directed;None
527;525;Directed;None
527;520;Directed;None
527;522;Directed;None
527;523;Directed;None
527;5164;Directed;None
527;513;Directed;None
527;512;Directed;None
527;528;Directed;None
527;514;Directed;None
520;58;Directed;-71
520;55;Directed;-69
520;57;Directed;-81
520;50;Directed;-78
520;519;Directed;-61
520;525;Directed;-78
520;527;Directed;None
520;5;Directed;-78
520;510;Directed;-74
520;513;Directed;-79
520;515;Directed;None
520;516;Directed;-69
521;5160;Directed;-57
521;5164;Directed;-75
521;58;Directed;-53
521;54;Directed;-69
521;50;Directed;-80
521;520;Directed;-82
521;522;Directed;-86
521;523;Directed;-74
521;513;Directed;-82
521;512;Directed;-47
521;514;Directed;-66
522;5160;Directed;-102
522;59;Directed;-99
522;58;Directed;-101
522;50;Directed;-93
522;527;Directed;None
522;523;Directed;-80
522;513;Directed;-96
522;512;Directed;-100
522;528;Directed;None
523;5160;Directed;-71
523;512;Directed;-76
523;527;Directed;None
523;522;Directed;-74
523;58;Directed;-73
528;58;Directed;None
528;56;Directed;None
528;50;Directed;None
528;524;Directed;None
528;527;Directed;None
528;520;Directed;None
528;522;Directed;None
528;523;Directed;None
528;513;Directed;None
528;512;Directed;None
528;514;Directed;None
723;76;Directed;-71
723;78;Directed;-43
723;712;Directed;-56
723;711;Directed;-52
723;72;Directed;-73
720;77;Directed;-69
720;716;Directed;-83
1133;151;Directed;-71
1133;1211;Directed;None
1133;182;Directed;-67
1133;183;Directed;None
1133;136;Directed;None
1133;1117;Directed;0
1133;1108;Directed;None
1133;1109;Directed;None
1132;1123;Directed;None
1132;1127;Directed;None
1130;1129;Directed;None
1130;140;Directed;-74
1130;1215;Directed;-81
1130;182;Directed;None
1130;183;Directed;None
1130;6;Directed;-37
1130;189;Directed;None
1130;1109;Directed;None
1137;183;Directed;-88
1137;172;Directed;-72
1137;194;Directed;-68
1136;130;Directed;None
1136;178;Directed;-70
1134;133;Directed;None
1134;130;Directed;None
1134;1136;Directed;-88
1134;178;Directed;-76
178;194;Directed;None
178;130;Directed;None
178;1136;Directed;-70
178;179;Directed;-88
178;1134;Directed;-78
146;1129;Directed;None
146;144;Directed;None
146;145;Directed;None
146;1216;Directed;None
146;171;Directed;None
519;59;Directed;-96
519;55;Directed;-96
519;515;Directed;None
519;57;Directed;-93
519;50;Directed;-89
519;525;Directed;-86
519;520;Directed;-63
519;523;Directed;-97
519;510;Directed;-86
519;528;Directed;None
519;516;Directed;-85
518;59;Directed;-87
518;58;Directed;-82
518;57;Directed;-63
518;56;Directed;-79
518;50;Directed;-79
518;53;Directed;-71
518;524;Directed;-76
518;527;Directed;None
518;520;Directed;-82
518;513;Directed;-75
518;36360816693;Directed;-90
96486049431;169;Directed;-66
2165;2200;Directed;None
2165;2206;Directed;-63
2165;2207;Directed;None
2165;2209;Directed;-69
2165;104459421554;Directed;-80
2165;2197;Directed;-79
2165;9;Directed;-83
2165;2199;Directed;-86
510;59;Directed;-86
510;57;Directed;-90
510;50;Directed;-77
510;519;Directed;-87
510;527;Directed;None
510;520;Directed;-69
510;513;Directed;-90
513;5160;Directed;-83
513;59;Directed;-85
513;58;Directed;-82
513;5168;Directed;0
513;57;Directed;-79
513;50;Directed;-64
513;524;Directed;-84
513;518;Directed;-84
513;526;Directed;-75
513;527;Directed;None
513;520;Directed;-81
513;522;Directed;-83
513;523;Directed;-84
513;512;Directed;-82
513;528;Directed;None
513;36360816693;Directed;-86
512;5160;Directed;-75
512;5164;Directed;-83
512;58;Directed;-77
512;36360816693;Directed;-85
512;50;Directed;-78
512;527;Directed;None
512;523;Directed;-75
512;513;Directed;-79
512;528;Directed;None
512;514;Directed;-69
515;59;Directed;None
515;55;Directed;None
515;50;Directed;None
515;519;Directed;None
515;525;Directed;None
515;527;Directed;None
515;520;Directed;None
515;516;Directed;None
514;5160;Directed;-82
514;58;Directed;-72
514;50;Directed;-81
514;525;Directed;-86
514;527;Directed;None
514;523;Directed;-81
514;512;Directed;-66
514;528;Directed;None
517;55;Directed;-80
517;515;Directed;None
517;520;Directed;-83
517;516;Directed;-60
516;59;Directed;-86
516;55;Directed;-72
516;519;Directed;-74
516;520;Directed;-68
516;515;Directed;None
516;517;Directed;-73
6;1130;Directed;-39
6;1101;Directed;None
6;184;Directed;-83
6;1215;Directed;-77
1223;173;Directed;-83
1223;148;Directed;-73
1223;184;Directed;-85
1222;184;Directed;-68
1221;153;Directed;None
1221;1208;Directed;None
1221;140;Directed;None
1221;156;Directed;None
1221;136;Directed;None
1221;139;Directed;None
1221;163;Directed;None
1220;139;Directed;-83
1220;1219;Directed;None
1220;180;Directed;-86
1220;1117;Directed;-58
1220;136;Directed;-84
4181;4174;Directed;-62
4181;4176;Directed;-65
4181;4172;Directed;-73
4181;4180;Directed;None
4181;4183;Directed;-69
4181;4182;Directed;None
4181;4178;Directed;-55
4181;4184;Directed;-73
4181;4169;Directed;-67
4181;4185;Directed;-76
4180;4181;Directed;None
4180;4182;Directed;None
4183;4174;Directed;-83
4183;4176;Directed;-78
4183;4172;Directed;-86
4183;4181;Directed;-62
4183;4178;Directed;-86
4183;4185;Directed;-60
4183;4184;Directed;-84
4183;4169;Directed;-73
4182;4181;Directed;None
4182;4180;Directed;None
4185;4174;Directed;-74
4185;4176;Directed;-83
4185;4172;Directed;-89
4185;4181;Directed;-76
4185;4183;Directed;-60
4185;4178;Directed;-77
4185;4184;Directed;-79
4185;4169;Directed;-85
4184;4174;Directed;-84
4184;4176;Directed;-69
4184;4171;Directed;-74
4184;4172;Directed;-78
4184;4181;Directed;-74
4184;4178;Directed;-85
4184;4183;Directed;-86
4184;4185;Directed;-79
179;133;Directed;None
179;130;Directed;None
179;178;Directed;-87
2197;9;Directed;-81
2197;2165;Directed;-78
2197;2200;Directed;None
2197;104459421554;Directed;-79
2197;2207;Directed;None
2199;2200;Directed;None
2199;2206;Directed;-78
2199;2207;Directed;None
2199;2209;Directed;-78
2199;9;Directed;-58
2199;104459421554;Directed;-78
2199;2165;Directed;-88
174;1208;Directed;-76
173;1223;Directed;-77
173;1208;Directed;-70
173;157;Directed;-75
173;1219;Directed;-79
173;148;Directed;-78
173;1117;Directed;None
172;183;Directed;-68
172;1137;Directed;-79
172;1108;Directed;-68
172;194;Directed;-84
171;146;Directed;None
171;1129;Directed;-60
171;144;Directed;None
171;145;Directed;-51
171;1216;Directed;-66
171;1210;Directed;-76
171;149;Directed;-79
171;1;Directed;-86
171;1105;Directed;-78
171;187;Directed;-82
171;152;Directed;-81
2206;2200;Directed;None
2206;2207;Directed;None
2206;2208;Directed;-77
2206;2209;Directed;-78
2206;9;Directed;-71
2206;104459421554;Directed;-79
2206;2165;Directed;-65
2206;2199;Directed;-79
2208;2209;Directed;-75
2208;2206;Directed;-72
2209;2200;Directed;None
2209;2206;Directed;-75
2209;2207;Directed;None
2209;2208;Directed;-75
2209;9;Directed;-76
2209;104459421554;Directed;-59
2209;2165;Directed;-70
2209;2199;Directed;-71
721;715;Directed;-65
721;722;Directed;-80
182;151;Directed;-58
182;1129;Directed;None
182;1211;Directed;None
182;157;Directed;None
182;1133;Directed;-68
182;1130;Directed;None
182;183;Directed;None
182;136;Directed;-74
182;139;Directed;0
182;1108;Directed;None
182;1109;Directed;None
183;1129;Directed;None
183;1211;Directed;None
183;157;Directed;None
183;1133;Directed;None
183;1130;Directed;None
183;1137;Directed;-87
183;182;Directed;None
183;176;Directed;-76
183;172;Directed;-63
183;1108;Directed;-63
183;1109;Directed;None
180;151;Directed;-83
180;140;Directed;-85
180;157;Directed;-71
180;156;Directed;-71
180;136;Directed;-68
180;139;Directed;-81
180;174;Directed;-89
180;173;Directed;-89
180;1208;Directed;-50
181;150;Directed;-87
181;198;Directed;-83
181;1214;Directed;-63
181;192;Directed;-83
181;136;Directed;-68
181;1117;Directed;-86
187;1129;Directed;-75
187;1210;Directed;-84
187;145;Directed;-82
187;1216;Directed;-81
187;1105;Directed;-81
187;171;Directed;-82
184;151;Directed;None
184;1223;Directed;-79
184;1222;Directed;-62
184;140;Directed;-64
184;1219;Directed;-80
184;148;Directed;-77
184;1103;Directed;-71
184;6;Directed;-81
184;189;Directed;None
1210;1129;Directed;-69
1210;144;Directed;None
1210;145;Directed;-80
1210;1216;Directed;-77
1210;1105;Directed;-83
1210;187;Directed;-82
1210;171;Directed;-77
1211;1133;Directed;None
1211;182;Directed;None
1211;183;Directed;None
1211;136;Directed;None
1211;1108;Directed;None
1211;1109;Directed;None
1216;146;Directed;None
1216;1129;Directed;-61
1216;144;Directed;None
1216;145;Directed;-66
1216;1210;Directed;-80
1216;149;Directed;-79
1216;1;Directed;-65
1216;1105;Directed;-88
1216;187;Directed;-78
1216;152;Directed;-74
1216;171;Directed;-64
1214;198;Directed;-84
1214;192;Directed;-87
1214;130;Directed;None
1214;132;Directed;None
1214;181;Directed;-73
1214;136;Directed;-62
1214;139;Directed;-87
1215;189;Directed;None
1215;1130;Directed;-86
1215;6;Directed;-78
1219;140;Directed;-76
1219;173;Directed;-72
1219;148;Directed;-67
1219;184;Directed;-78
1219;1220;Directed;None
169;165;Directed;-89
169;96486049431;Directed;-58
169;162;Directed;-81
169;156;Directed;-86
164;165;Directed;-53
164;169;Directed;-89
165;164;Directed;-54
165;169;Directed;-85
93;95;Directed;-69
1127;158;Directed;None
1127;1122;Directed;None
1127;1123;Directed;None
1127;1132;Directed;None
162;169;Directed;-83
162;156;Directed;-85
104277312536;242288697347;Directed;-57
104277312536;228506738965;Directed;-69
4174;4181;Directed;-68
4174;4178;Directed;-86
4174;4176;Directed;-87
4174;4185;Directed;-82
4176;4174;Directed;-78
4176;4177;Directed;None
4176;4172;Directed;-66
4176;4181;Directed;-64
4176;4183;Directed;-80
4176;4178;Directed;-78
4176;4184;Directed;-71
4177;4176;Directed;None
4177;4179;Directed;-81
4171;4184;Directed;-67
4172;4174;Directed;-87
4172;4181;Directed;-71
4172;4176;Directed;-64
4172;4178;Directed;-85
4172;4184;Directed;-76
4178;4174;Directed;-80
4178;4176;Directed;-77
4178;4172;Directed;-84
4178;4181;Directed;-52
4178;4183;Directed;-85
4178;4185;Directed;-78
4178;4179;Directed;None
4178;4169;Directed;-87
4178;4184;Directed;-83
4179;4177;Directed;-81
4179;4178;Directed;None
1107;1101;Directed;-67
6196;6197;Directed;-44
6196;686;Directed;-50
1105;1129;Directed;-65
1105;1210;Directed;-84
1105;145;Directed;-78
1105;1216;Directed;-87
1105;152;Directed;-65
1105;187;Directed;-80
1105;171;Directed;-80
722;721;Directed;-81
1103;148;Directed;-79
1103;157;Directed;-85
1103;184;Directed;-65
1103;1208;Directed;-88
1101;1107;Directed;-61
1101;189;Directed;None
725;713;Directed;-76
225877267718;832;Directed;-84
225877267718;818;Directed;-80
225877267718;819;Directed;-47
225877267718;825;Directed;-71
225877267718;81;Directed;-85
225877267718;86;Directed;-81
225877267718;817;Directed;-61
1108;1211;Directed;None
1108;1133;Directed;None
1108;182;Directed;None
1108;183;Directed;-66
1108;136;Directed;None
1108;176;Directed;-71
1108;172;Directed;-65
1108;1109;Directed;None
1109;1129;Directed;None
1109;1211;Directed;None
1109;157;Directed;None
1109;1133;Directed;None
1109;1130;Directed;None
1109;182;Directed;None
1109;183;Directed;None
1109;1108;Directed;None
151;182;Directed;-61
151;1133;Directed;-67
151;180;Directed;-82
151;184;Directed;None
151;1117;Directed;-79
150;136;Directed;-90
150;192;Directed;-84
153;156;Directed;None
153;1208;Directed;None
153;1221;Directed;None
153;163;Directed;None
152;1129;Directed;-60
152;144;Directed;None
152;145;Directed;-74
152;1216;Directed;-69
152;1105;Directed;-61
152;171;Directed;-79
1208;153;Directed;None
1208;157;Directed;-53
1208;1221;Directed;None
1208;156;Directed;-43
1208;140;Directed;-61
1208;160;Directed;-73
1208;180;Directed;-53
1208;1103;Directed;-89
1208;184;Directed;-86
1208;174;Directed;-74
1208;173;Directed;-67
1208;163;Directed;None
157;1208;Directed;-57
157;156;Directed;-79
157;158;Directed;None
157;182;Directed;None
157;183;Directed;None
157;180;Directed;-77
157;173;Directed;-76
157;1109;Directed;None
156;153;Directed;None
156;157;Directed;-80
156;1221;Directed;None
156;140;Directed;-88
156;160;Directed;-74
156;163;Directed;None
156;180;Directed;-80
156;174;Directed;-91
156;173;Directed;-86
156;162;Directed;-82
156;1208;Directed;-49
158;1122;Directed;None
158;157;Directed;None
158;1127;Directed;None
80;834;Directed;None
80;835;Directed;None
80;829;Directed;None
80;826;Directed;None
80;821;Directed;None
80;823;Directed;None
80;822;Directed;None
31247767108;153;Directed;None
31247767108;1208;Directed;None
31247767108;1221;Directed;None
31247767108;156;Directed;None
4169;4174;Directed;-81
4169;4176;Directed;-86
4169;4172;Directed;-87
4169;4181;Directed;-62
4169;4178;Directed;-85
4169;4183;Directed;-70
4169;4185;Directed;-83
1;1129;Directed;-87
1;145;Directed;-87
1;1216;Directed;-64
1;171;Directed;-85
3187;399;Directed;None
5;59;Directed;-88
5;57;Directed;-86
5;50;Directed;-73
5;519;Directed;-83
5;520;Directed;-67
5;523;Directed;-87
5;513;Directed;-78
5;512;Directed;-86
1117;151;Directed;-79
1117;1220;Directed;-70
1117;1133;Directed;-85
1117;182;Directed;-88
1117;132;Directed;None
1117;136;Directed;-74
1117;173;Directed;None
9;2200;Directed;None
9;2206;Directed;-71
9;2209;Directed;-79
9;104459421554;Directed;-65
9;2197;Directed;-77
9;2165;Directed;-84
9;2199;Directed;-62
9;90;Directed;-74
228506738965;242288697347;Directed;-53
228506738965;104277312536;Directed;-63
3188;3195;Directed;-72
3188;3190;Directed;-82
3188;3193;Directed;-68
3188;3198;Directed;-86
5160;59;Directed;-83
5160;58;Directed;-60
5160;50;Directed;-76
5160;525;Directed;-88
5160;527;Directed;None
5160;520;Directed;-85
5160;522;Directed;-86
5160;523;Directed;-63
5160;5164;Directed;-48
5160;513;Directed;-75
5160;512;Directed;-70
5160;528;Directed;None
5160;514;Directed;-83
144;146;Directed;None
144;1129;Directed;None
144;1210;Directed;None
144;145;Directed;None
144;1216;Directed;None
144;149;Directed;None
144;171;Directed;None
145;146;Directed;None
145;1129;Directed;-69
145;144;Directed;None
145;152;Directed;-75
145;1216;Directed;-62
145;1210;Directed;-81
145;149;Directed;-58
145;1105;Directed;-78
145;187;Directed;-83
145;171;Directed;-51
5164;5160;Directed;-51
5164;58;Directed;-47
5164;50;Directed;-84
5164;519;Directed;-84
5164;527;Directed;None
5164;520;Directed;-76
5164;523;Directed;-88
5164;512;Directed;-76
5164;528;Directed;None
5164;514;Directed;-88
140;152;Directed;0
140;1208;Directed;-72
140;1221;Directed;None
140;156;Directed;-85
140;1133;Directed;0
140;1130;Directed;-76
140;180;Directed;0
140;136;Directed;0
140;184;Directed;-66
140;139;Directed;None
140;173;Directed;-86
140;1219;Directed;-82
5168;59;Directed;-65
5168;58;Directed;-72
5168;57;Directed;-67
5168;50;Directed;-75
5168;53;Directed;-86
5168;524;Directed;-85
5168;520;Directed;-79
5168;523;Directed;-86
5168;513;Directed;-76
5168;36360816693;Directed;-88
160;1208;Directed;-74
160;157;Directed;-89
160;156;Directed;-67
148;173;Directed;-78
148;1219;Directed;-74
148;1223;Directed;-73
148;184;Directed;-75
149;1129;Directed;-81
149;144;Directed;None
149;145;Directed;-51
149;1216;Directed;-69
149;1210;Directed;-90
149;171;Directed;-70
77;719;Directed;-65
77;716;Directed;-60
77;713;Directed;-56
77;76;Directed;None
77;75;Directed;None
77;720;Directed;-61
76;717;Directed;-72
76;712;Directed;-69
76;711;Directed;-46
76;77;Directed;None
76;75;Directed;None
76;723;Directed;-67
76;78;Directed;-68
73;715;Directed;-71
73;71;Directed;-87
72;76;Directed;-86
72;78;Directed;-84
72;723;Directed;-75
72;711;Directed;-80
72;712;Directed;-85
71;715;Directed;-59
71;73;Directed;-82
71;721;Directed;-80
70;714;Directed;None
79;711;Directed;None
79;70;Directed;None
78;712;Directed;-54
78;76;Directed;-65
78;723;Directed;-39
78;711;Directed;-32
78;72;Directed;-83
194;1137;Directed;-71
194;172;Directed;-75
194;1108;Directed;-87
194;178;Directed;None
6197;6196;Directed;-47
6197;686;Directed;-42
3197;399;Directed;None
3197;3192;Directed;-64
3195;3201;Directed;None
3195;3200;Directed;None
3195;3;Directed;-66
3195;3193;Directed;-43
3195;3190;Directed;-70
3195;399;Directed;None
3195;3188;Directed;-72
3195;3199;Directed;-80
3195;3198;Directed;-60
3194;3197;Directed;-88
3194;3192;Directed;-86
3193;3200;Directed;None
3193;3;Directed;-87
3193;3195;Directed;-42
3193;3190;Directed;-87
3193;3188;Directed;-67
3193;3198;Directed;-80
3192;3197;Directed;-68
3192;399;Directed;None
3192;3187;Directed;-86
3192;3194;Directed;-88
3190;3201;Directed;None
3190;3200;Directed;None
3190;3;Directed;-75
3190;3195;Directed;-73
3190;3187;Directed;0
3190;3188;Directed;0
3190;3198;Directed;-70
686;6196;Directed;-48
686;6197;Directed;-33
3199;3;Directed;-83
3199;3195;Directed;-75
3198;3188;Directed;-87
3198;3;Directed;0
3198;3193;Directed;-85
3198;3195;Directed;-63
3198;3190;Directed;-69
